<?xml version="1.0" encoding="UTF-8"?>
	<suppressions xmlns="https://jeremylong.github.io/DependencyCheck/dependency-suppression.1.3.xsd">
	   	<suppress>
		   <notes><![CDATA[
		   file name: tomcat-embed-websocket-9.0.30.jar
		   ]]></notes>
		   <packageUrl regex="true">^pkg:maven/org\.apache\.tomcat\.embed/tomcat\-embed\-websocket@.*$</packageUrl>
		   <cve>CVE-2020-8022</cve>
		</suppress>
	   
	    <!-- Only affects applications using Cloud Foundry -->
	    <suppress>
		   <notes><![CDATA[
		   file name: spring-boot-2.2.4.RELEASE.jar
		   ]]></notes>
		   <packageUrl regex="true">^pkg:maven/org\.springframework\.boot/spring\-boot@.*$</packageUrl>
		   <cve>CVE-2023-20873</cve>
	    </suppress>
	    
	    <!-- Only affects GO language -->
		<suppress>
	  		<notes><![CDATA[
	   		file name: snakeyaml-1.25.jar
	   		]]></notes>
	   		<packageUrl regex="true">^pkg:maven/org\.yaml/snakeyaml@.*$</packageUrl>
			<cve>CVE-2021-4235</cve>
		</suppress>
		
		<suppress>
	   		<notes><![CDATA[
		   file name: snakeyaml-1.25.jar
		   ]]></notes>
		   <packageUrl regex="true">^pkg:maven/org\.yaml/snakeyaml@.*$</packageUrl>
		   <cve>CVE-2022-38749</cve>
		</suppress>
		
		<suppress>
		   <notes><![CDATA[
		   file name: snakeyaml-1.25.jar
		   ]]></notes>
		   <packageUrl regex="true">^pkg:maven/org\.yaml/snakeyaml@.*$</packageUrl>
		   <cve>CVE-2022-38750</cve>
		</suppress>
		
		<suppress>
		   <notes><![CDATA[
		   file name: snakeyaml-1.25.jar
		   ]]></notes>
		   <packageUrl regex="true">^pkg:maven/org\.yaml/snakeyaml@.*$</packageUrl>
		   <cve>CVE-2022-38751</cve>
		</suppress>
		
		<suppress>
		   <notes><![CDATA[
		   file name: snakeyaml-1.25.jar
		   ]]></notes>
		   <packageUrl regex="true">^pkg:maven/org\.yaml/snakeyaml@.*$</packageUrl>
		   <cve>CVE-2022-38752</cve>
		</suppress>
		
		<suppress>
		   <notes><![CDATA[
		   file name: snakeyaml-1.25.jar
		   ]]></notes>
		   <packageUrl regex="true">^pkg:maven/org\.yaml/snakeyaml@.*$</packageUrl>
		   <cve>CVE-2022-41854</cve>
		</suppress>
		
		<suppress>
		   <notes><![CDATA[
		   file name: jackson-databind-2.10.2.jar
		   ]]></notes>
		   <packageUrl regex="true">^pkg:maven/com\.fasterxml\.jackson\.core/jackson\-databind@.*$</packageUrl>
		   <cve>CVE-2022-42004</cve>
		</suppress>
		
		<!-- Cannot be executed by external attacker--> 
		<suppress>
		   <notes><![CDATA[
		   file name: jackson-databind-2.10.2.jar
		   ]]></notes>
		   <packageUrl regex="true">^pkg:maven/com\.fasterxml\.jackson\.core/jackson\-databind@.*$</packageUrl>
		   <cve>CVE-2023-35116</cve>
		</suppress>
		
		<suppress>
		   <notes><![CDATA[
		   file name: tomcat-embed-core-9.0.30.jar
		   ]]></notes>
		   <packageUrl regex="true">^pkg:maven/org\.apache\.tomcat\.embed/tomcat\-embed\-core@.*$</packageUrl>
		   <cve>CVE-2020-8022</cve>
		</suppress>
		
		<!-- Support has been removed by provider -->
		<suppress>
		   <notes><![CDATA[
		   file name: bcprov-jdk15on-1.46.jar
		   ]]></notes>
		   <packageUrl regex="true">^pkg:maven/org\.bouncycastle/bcprov\-jdk15on@.*$</packageUrl>
		   <cve>CVE-2016-1000352</cve>
		</suppress>
		
		<!-- Support for this has been removed by Bouncy Castle -->
		<suppress>
		   <notes><![CDATA[
		   file name: bcprov-jdk15on-1.46.jar
		   ]]></notes>
		   <packageUrl regex="true">^pkg:maven/org\.bouncycastle/bcprov\-jdk15on@.*$</packageUrl>
		   <cve>CVE-2016-1000344</cve>
		</suppress>
		
		<!-- Untrusted data is not an intended use case -->
		<suppress>
		   <notes><![CDATA[
		   file name: spring-web-5.2.3.RELEASE.jar
		   ]]></notes>
		   <packageUrl regex="true">^pkg:maven/org\.springframework/spring\-web@.*$</packageUrl>
		   <vulnerabilityName>CVE-2016-1000027</vulnerabilityName>
		</suppress>
        
        <suppress>
            <notes><![CDATA[
            This suppresses all CVE entries that have a score below CVSS 7.
            ]]></notes>
            <cvssBelow>7</cvssBelow>
        </suppress>
        
        <suppress>
            <notes><![CDATA[
            This suppresses false positives identified on spring security.
            ]]></notes>
            <gav regex="true">org\.springframework\.security:spring.*</gav>
            <cpe>cpe:/a:vmware:springsource_spring_framework</cpe>
            <cpe>cpe:/a:springsource:spring_framework</cpe>
            <cpe>cpe:/a:mod_security:mod_security</cpe>
        </suppress>
        
        <suppress>
            <notes><![CDATA[
            This suppresses false positives identified on spring security.
            ]]></notes>
            <gav regex="true">org\.springframework\.security:spring.*</gav>
            <vulnerabilityName regex="true"></vulnerabilityName>
        </suppress>

    </suppressions>